AccountNumber,AccountDescription
61000003001,FUEL AND LUBRICANTS
11000001001,Petty Cash-Frehiwot
61000006011,BID EXPENSE
12000002007,A/R S/R Bezawit M
51000007005,COST OF  BANK SERVICE CHARGE CBE VDI
51000002003,COST OF LABOUR WU
61000004001,OFFICE STATIONARY
12000002023,A/R S/R DESTAW AGMAS
61000003005,PARKING
61000005001,"Registration.,License & Annual fee"
12000001008,A/R T/R LUCY INSURANCE
61000006015,LOADING UNLOADING
12000003001,A/R Tax VAT Recivable
61000006003,TRANSPORTATION
61000004005,ELECTRIC & WATER
61000006014,PER-DIME
61000006018,CASH SHORT & OVER
51000001002,COST OF PERDIME
12000002001,A/R Haile And Alem International (WELLNESS)
51000023003,Cost of Perdime
51000002001,COST OF MATERIAL WU
51000005001,COST OF MATERIAL WCU
51000002008,"COST OF Fright , Custom Clearance & Storage cost"
51000002005,COST OF BANK SERVICE WU
51000002002,COST OF PERDIME WU
12000002052,A/R S/R  ASRAT
51000001004,COST OF Fuel/TRANSPORT
51000010003,COST OF LABOUR DB UC
51000002004,COST OF Fuel/Transport WU
21000002032,A/P WALKIN Ethiopia tour and travel
61000004004,"TELEPHONE,FAX & INTERNET"
61000004002,OFFICE SUPPLY
51000023004,Cost of Fuel/Transport
61000003003,TYRE & SPARE
21000006004,Account payable-Salary Payable
61000006017,MISSALENOUS
51000025002,COST OF JMU PERDIME
51000005004,COST OF FUEL/TRANSPORT
61000003002,CAR REPAIR AND MAINTENANCE
61000005002,PROMOTION
51000001005,COST OF  BANK SERVICE
51000005002,COST OF PERDIME WCU
61000002001,"TRAINNING ,PER-DIME&EXAM FEE"
12000002054,A/R S/R   ADDISU
51000025003,COST OF JMU TRANSPORT
51000007001,COST OF MATERIAL  CBE VDI
51000001001,COST OF MATERIAL
51000021002,Cost of OFAG DCF-Labour
21000004001,Shareholders Account A/ P Meried
51000021009,Cost of OFAG DCF- Material
51000003002,COST OF PERDIME AMU
12000002013,A/R S/R MINILIKE TASEW
12000002002,A/R S/R ASSEGEDECH BEKELE
51000008007,"COST OF  Fright , Custom Clearance & Storage cost"
11000002013,Cash-Bank-ENATOD61101660052002
12000002048,A/R WENDAFRASH
61000003006,INSURANCE
21000005004,Account payable-W/tax
11000002010,Cash-Bank-DB Kaz 0155001208208
11000002019,Cash-Bank-NIBBol 7000005579746
61000004003,OFFICE REPAIR AND MAINTENANCE
16000004001,"GIT -MERGED (HQ,BOA,EIABC&HCOHS)"
61000006004,BANK SERVICE CHARGE
11000002006,Cash-Bank-CBE chi1000056999136
51000002010,COST OF OFFICE RENT WU
21000004002,Shareholders Account A/P Genet
12000002034,A/R S/R SIMRET
12000002017,A/R S/R NATNAEL ZEGYALEW
61000006001,PROFESSIONAL FEE
12000002020,A/R S/R ZEMENAY (SI)
11000002007,Cash-Bank-ABAY1022113006059010
21000005003,Account payable-Employee income tax
11000002014,Cash-Bank-BOA22  7215002
12000002037,A/R S/R NAOD
51000021007,COST OF OFAG DCF- subcontract
12000002006,A/R S/R Eyerusalem
21000002001,"Account payable -NOH REALSTATE,RENT"
61000001001,EMPLOYEE SALARY AND WAGE
61000001002,EMPLOYEE  ALLOWANCE
21000006003,Account payable-Pention employee
21000006001,Account payable-Sundery ceditores
11000002009,Cash-Bank-ZB1032210028762025
51000010001,COST OF MATERIAL DB UC
12000002028,A/R HILINA (OF)
51000002009,COST OF SUB CONTRUCT WU
11000002020,Cash-Bank-WGBBole 899961C01711
51000024001,COST OF MATTERIAL BGI UC and WIRELESS
61000001009,EMPLOYEE- INSURANCE (GPA)
61000001005,EMPLOYEE  REWARD
61000001007,COMPANY PENSION FUND CONTRIBUTION
41000003001,Interest income
11000002025,Cash-BankBIB LEGHARE 2500090060948
12000002005,A/R BETE Z. (SO)
51000006006,COST OF TRAINNING   ZEMEN BANK
51000005006,COST OF  TRAINNING   WCU
51000024007,COST OF BANK SERVICE CHARGE  BGI UC and WIRELESS
11000002011,Cash-Bank-DGBsta 1092100282341
11000002026,Cash-BankWGB SHALA  0732424310101
11000002018,Cash-Bank-BIB dir2500130038226
51000020005,Cost of Bank service
51000019005,COST OF  BANK SERVICE ZB-TACASS+AAA
51000020001,Cost of License
51000010005,COST OF  BANK SERVICE DB UC
16000023001,GIT Dashen Bank Relocation of DC
11000002002,Cash-Bank-DB Main1889475218
51000025006,COST OF BANK SERVICE JMU
61000006002,INTEREST
51000026005,cost of bank service charege
51000011005,COST OF Ethswitch ERP (SAP)- BANK SERVICE
16000001002,GIT WELLO SILCON 2010-A
51000005005,COST OF  BANK SERVICE WCU
41000002007,SERVICE INCOME CBE VDI
41000001006,SALES INCOME CBE VDI
12000003002,A/R UNREPORTED VAT
51000022009,Cost of Material ERCA
61000003004,CAR CLEAN & WASHING
12000002022,A/R S/R YONATAN.M (LO)
61000004007,RENT EXPENSE
51000022006,COST OF TRAINING ERCA
17000001,FIXED ASSET COMPUTER & ACCESS
51000013003,Cost of SubContract
51000019001,COST OF MATERIAL ZB-TACASS+AAA
1700,Total Fixed Asset (PPE)
12000003004,A/R Vat with holding
11000002012,Cash-Bank-ENAT 61101660040001
21000005005,A/P-VAT Payable
51000008005,COST OF BANK SERVICE
51000021001,Cost of OFAG DCF- License
12000001035,A/R T/R DEBREBREHAN UNIVERISITY
11000002004,Cash-Bank-AIB13040094830001215
11000002016,Cash-Bank-BOA CMC 10083998
12000001016,A/R T/R  ZEMEN BANK CISCO IS 3600 VERTUA APILIANCE
11000002003,Cash-Bank-BIB Bole250001004408
11000002017,Cash-Bank-NIB Tan7000005280112
51000007007,COST OF LICENSE CBE VDI
51000025001,COST OF JMU MATTERIAL
11000002027,Cash Bank- WGB MESALEMIYA 732424310102
61000006009,COMMISSION
11000002001,Cash- Bank-CBE Main
22000001001,Loan From EB
51000031002,Cost of Bank Service Charge DB Relocation of DC
51000031001,Cost of Material DB Relocation of DC
41000003002,Other Income (PMA...)
16000003002,GIT WACHAMO UNIVERSITY 10
11000002029,"CashBank-BIB retaintion ""B"" 70% 9019980000952"
16000018001,GIT JU Supply of Network Switches and Servers
16000006001,"GIT HQ LAPTOP, BDU AC& OFFICE TOOLS"
41000003003,Marketing Fund
41000002013,Service Income- Zemen Bank Cisco System License 3600 APP
41000002015,Service Income Silcon MOA PS
41000002014,Service Income- OFAG FORTISIEM Solution
41000002020,Service Income CSA Network Equipments
41000001010,SALES INCOME ZB ICT Equipment
51000028005,COST OF DB EN SERVICE
21000003010,Account payable-Ethswitch ERP (SAP)
41000001008,SALES INCOME- Ethswitch ERP (SAP)
41000001,Sales Income
41000002011,Service Income Genet Petroleum
21000002,Account payable-Local trade
61000009002,car repaire and maintance   03-A55262-Toyota Haice
21000002055,A/P LABOUR
61000006005,STAMP DUTY
21000002069,A/P BEZAWIT T.
51000036004,"COST OF  fuel/tr MTU (supp,install & conf data center env't)"
21000002070,A/P Central Printing Press PLC
21000002067,A/P FERES TRANSPORT
21000002057,A/P PERDIME
61000002003,",PER-DIME"
21000002029,ETHIO TELECOM
21000002053,A/P BEKA &FRIENDS PARKING
21000002033,A/P INTERNATIONAL CARGO AND AVATION
21000002035,A/P Ethiopia Airlines Enterprise
51000005008,"COST OF  Fright , Custom Clearance & Storage cost"
21000002063,A/P Ayeda G/here Typing
21000002064,A/P NOC
61000014001,Fuel and lubricants  03-79714- Hyunda
11000001002,Petty Cash-Sintayehu
21000002072,A/P ARCAIVE STATIONERY AND CLEANNING MATERIAL TRADING
51000005003,COST OF LABOUR WCU
21000002020,Account payable-Total Ethiopia
21000002058,A/P Ethiopian Commodity Exchange
21000002060,A/P Selam Bezu Bags & Laggage Retail Trade
21000002062,A/P Fikadu Gibraga Azmach
61000011003,Tyre and spare part    03-A21140-Hyundai 10
61000009001,Fuel and lubricants    03-A55262-Toyota Haice
21000002052,A/P T.K MULTIMIDEA PLC
61000008002,Car Repaire and maintance  03-A21141-Hyundai car
61000014003,Tyre and spare part  03-79714- Hyunda
21000002036,A/P Post Office Department
21000002059,A/P YIKDEM COMPUTER MAINTANANCE
21000002071,A/P Debub Global Bank S.C
51000002012,Cost of Miss.
21000002054,A/P High Profile PLC
51000026003,cost of LABOUR FOR YKT PROJECT
21000002041,A/P Federal Democratic Republic Of Ethiopia
21000002008,Account payable-Delux Furniture
21000002045,A/P Addis Ababa City Government
23000001001,Suspense
21000002039,A/P Twabech G/Meskel Building Material
21000002043,A/P Andent In Bole Airport Cargo Customs
21000002044,A/P NIB International Bank
51000033001,Cost Of Derban Material
12000003003,A/R tax  With holding Impport and Sales
51000036002,"COST OF  perdime MTU (supp,install & conf data center env't)"
11000002032,Cash Bank- CBE BAMBISE (1000261659453)
11000002030,Cash Bank- ENATOD  retaintion acct 30%  0062101660046001
12000001050,A/R   DELL
21000002105, A/P Eyuael H/Eyesus Universal Translation Office
61000006019,TRANSILATION EXPENSE
21000002040,A/P lucy insurance
51000039010,COST OF ECX - SERVER INSURANCE
12000002060,A/R S/R KALKIDAN SEIFU
21000002106, A/P Hana Translations & Secreterial Service
51000024011,COST OF MISELANEC  BGI UC and WIRELESS
12000001047,A/R   ELijona
21000001012,Account payable - CISCO
61000002004,EXAM FEE
21000002016,Account payable-Marathon Motores
61000017003,Tyre and spare part  3-A21783
61000004009,INSURANCE- HOME AND BUILDING
21000002046,A/P Yekedem Tibebu Computer and Electronics
21000002075,A/P ELSA KOLO AND BAMBIS
61000005005,REFRESHMENT
51000037002,COST OF Unilever Insurance
11000002008,Cash-Bank-OIB 275529
12000001046,A/R   CISCO
11000002031,Cash Bank- ENATOD retaintion acct 70%  0062101660047001
51000010006,COST OF  TRAINNING DB UC
12000001052,A/R R&D ENTERPRENOURSHIP (AMU Exporter)
61000002002,TRAINNING
11000002033,Cash Bank- ZB KIRKOS 1035110028762014
21000001002,Account payable - Westcon Africa
51000027001,COST OF AUC WAN MATERIAL
11000002023,BANK bib legher branch
51000022003,Cost of Perdime ERCA
1200,Account Receivables
12000001033,A/R T/R ENAT BANK
12000002057,A/R S/R   BRHIN TSEHAY
12000002046,A/R S/R  ERIMIAS ENDALEMAW
61000017001,Fuel and lubricants 3-A21783
21000002123, A/P ORBIS TRADING & TECNICAL CENTER S.C
61000015002,car repaire and maintance 02-B07970-Mercedes
21000002124, A/P SHERATON ADDIS A LUXURY COLLECTION HOTEL
21000002125, A/P ABAYNESH GIZAW TYRE AND BATTERY BUSINESS
61000009003,Tyre and spare part    03-A55262-Toyota Haice
12000002064,A/R S/R ODDA KUSSA
21000002101, A/P COMPUNET P.L.C
21000002077,A/P OILIBIYA
21000002126, A/P ARTE ADVERTISING PLC
21000002005,Account payable-Robit International
51000026001,cost of material
21000002027,BMET ENERGY
21000002127, A/P SEIDA ADEM HASSEN
61000009007,LABOUR/CRANE      03-A55262-Toyota Haice
12000002055,A/R S/R NATHNAEL H/MARIAM
61000010001,Fuel and lubricants    03-70617-Dahitsu terios
21000002074,A/P KIDIST BAYE
21000002130, A/P SUN FREIGHT TRANSPORT OWNERS ASSOCIATION
21000002093, A/P ETHIOPIA REVENUES AND CUSTOMS AUTHORITY
21000002129, A/P DSP CONSULTANCY
21000002120, A/P GENRAL MOTER P.L.C
61000013007,LABOUR/CRANE  03-A06765- Toyota corolla
61000013003,Tyre and spare part 03-A06765- Toyota corolla
61000013001,Fuel and lubricants   03-A06765- Toyota corolla
21000002128, A/P FRAZ INTERNATIONAL PLC
12000002025,A/R S/R ZELALEM (SE)
12000002059,A/R S/R ABREHAM DULLA
12000002063,A/R S/R CHERINET M
21000002131, A/P YENENEH GETAHUN PRINTING AND ADVERTIZING
21000002113, A/P AREGAWI ARAYA WHOLESALE & RETAILER TRADE
21000002118, A/P JENET ENGINEERING P.L.C
21000002028,Account Payable- KURIFTU RESORT
51000021004,Cost of OFAG DCF-Fuel/Transport
51000021011,Cost of OFAG DCF- MISCILLINEOUS EXP
51000021005,Cost of OFAG DCF-Bank service
12000001055,A/R MOTI (ECSA) Data Center Solution
21000002066,A/P Enat Bank
51000002013,Cost of Performance Gurantee
21000001022,Account payable - AFRICLASSIC RIVER LODGE
21000001001,Account payable - Redington
21000001016,Account payable - KOEING
51000040006,COST OF ATA - Network TRAINNING
51000040007,COST OF ATA - Network LICENCES
21000001023,Account payable - VM WARE
21000002068,A/PSemira & Munteha Secreterial Service Partnership
21000002050,A/P EBONGO
21000002051,A/P FAMILY GUIDANCE
21000002038,A/P YETEBABERUT OIL
51000007008,"COST OF Fright , Custom Clearance & Storage cost CBE VDI"
61000013005, Parking  03-A06765- Toyota corolla
21000002143, A/P CONSULTANCY PAYMENT
21000002162, A/P ETHIOPIAN SPACE SCIENCE SOCIETY
61000006021,DONATION
21000002018,Account payable-Tarikawit custom clearance
61000018004,"FRIGHT, CUSTOM CLERANCE & TAX EXPENSE"
21000002109, A/P PAN AFRICA EXPRESS P.L.C
51000024005,COST OF TRANSPORT  BGI UC and WIRELESS
61000011008,customs clearance  03-A21140-Hyundai 10
21000002163, A/P ARAYA & ABESELOM GENERAL CONTRACTOR PARTNERSHIP
51000040001,COST OF ATA - Network MATERIAL
12000001002,A/R T/R JIMMA UNIVERCITY
12000001039,A/R ECX - SERVER
41000001026,SALES INCOME ECX - SERVER
12000001003,A/R T/R WELLO UNIVERCITY
41000001002,SALES INCOME WU
12000001043,A/R   DERBA
41000002022,Service Income DERBA cement
12000002069,A/R S/R GENET GETACHEW
21000002150, A/P MULUGETA METAFERIA BUILDING MATERIALS
51000022002,Cost of Labour ERCA
51000039008,"COST OF ECX - SERVER FRIGHT, CUSTOM CLERANCE"
21000002179, A/P ROYAL EX COURIER
51000026006,COST OF INSURANCE
51000039003,COST OF ECX - SERVER LABOUR
21000002165, A/P ABESELOM
21000002180, A/P ESAYA ADVERTISING AND PRINTING P.L.C
51000036001,"COST OF MTU LOCAL MAT(supp,install & conf data center env't)"
21000002097, A/P KANU ELECTRICAL AND BUILDING MATERIAL SHOP
21000002094, A/P ANDAMLAK DEBGAZA HASSNA
21000002176, A/P MANU ADVERTISING BUSINESS P.L.C
61000008008,MISCELLANEOUS  03-A21141-Hyundai car
21000002139, A/P TIBEBU MENGEESTU FINISHING WORKS
51000005009,COST of Subcontract
21000002181, A/P BILO'S PASTERY P.L.C
21000002082, A/P Dawit Abreha Asfhah
51000021008,Cost of Miss. CUSTOM CLEARANCE FOR OFAG DCF
51000040003,COST OF ATA - Network LABOUR
12000002061,A/R S/R SINTAYEHU
21000002182, A/P ZENEBE MELESE NEGBSHE
21000002089, A/P STAFF LOAN
21000002183, A/P ASHENAFI TADESSE ELECTRIC EQUIPMENT MAINTENANCE & SALE
12000002070,A/R S/R ABENEZER
41000001027,SALES INCOME ATA -BACK UP
41000001029,SALES INCOME ATA - HCI
12000003,"Account Receivable,Tax"
21000005001,Account payable- Business Income tax
51000039001,COST OF ECX - SERVER MATERIAL
51000037001,COST OF Unilever Material(smart inf dept)
41000001023,SALES INCOME MTU
21000003020,A/P Mizan Tepi u
61000018001,LABOUR EXPENSE
21000002154, A/P BIDAG FAMILY CONSTRUCTION P.L.C
51000003003,COST OF LABOUR AMU
21000002141, A/P EWSSN TRADING BUILDING MATERIAL SHOP
21000002004,Account payable-Solar Stationery
21000002198, A/P MIEPS STATIONERY AND COMPUTER ACC.
61000008001,Fuel and lubricants   03-A21141-Hyundai car
51000042008,"COST OF ATA - HCI FRIGHT, CUSTOM CLERANCE"
21000002104, A/P BNAT CONSTRACTION PLC
11000002034,Cash Bank- AIB ENDERASE 01304212483800
51000043003,COST OF ECX - STORAGE LABOUR
21000002199, A/P CHAMPION COMMUNICATION MARK & G.BUS SUPPORT P.L.C
51000045010,COST OF ZB - SUPPLY & INSTALLATION 2019 MISS.
21000002178, A/P ADDIS ABABA CHAMBER OF COMMERCE & SECTORAL ASSOCIATIONS
61000019006,Insurance   RANGE ROVER B-35565
61000013002,car repaire and maintance 03-A06765- Toyota corolla
61000016001,Fuel and lubricants 02-62872
21000002042,A/P NATIONAL OIL
51000043008,"COST OF ECX - STORAGE FRIGHT, CUSTOM CLERANCE"
51000043011,COST OF ECX - STORAGE MISS.
21000002023,Account payable- Radiant car cleaner
12000001019,A/R T/R CSA Data Center Facility
41000002010,Service Income CSA
51000024012,"COST OF Fright , Custom Clearance & Stor  BGI UC and WIRELES"
21000002185, A/P DELIVER ICT AND TELECOMMUNICATION TECHNOLOGY P.L.C
12000001031,A/R T/R OFAG - Service
21000003023,A/P OFAG FORTISIEM Solution
21000002142, A/P ZINU TOUR P.L.C
61000011001,Fuel and lubricants    03-A21140-Hyundai 10
41000001033,SALES INCOME ZB - SUPPLY & INSTALLATION 2019
12000002075,A/R S/R BISRAT N.
51000026008,"COST OF FRIGHT, CUSTOM CLERANCE"
51000026007,COST OF MISS(WAREHOUSE...)
51000040008,"COST OF ATA - Network FRIGHT, CUSTOM CLERANCE"
51000040010,COST OF ATA - Network MISS.
51000037007,"COST OF Unilever FRIGHT, CUSTOM CLERANCE"
21000002214, A/P GENET GETACHEW IMPORT OF USEDD VEHICLE
17000002,Fixed Asset Motor vehicle
21000002138, A/P TESHOME ABEBE GENERAL CONSTRUCTION EXCEPT WATER WORKS
51000036006,"COST OF sub cont MTU (supp,install & conf data center env't)"
21000002026,TMTECK ALUINIUM
51000026009,COST OF SUB CONTRACTOR
21000002215, A/P ETHIOPIAN SHIPING AND LOGISTIC
51000045001,COST OF ZB - SUPPLY AND INSTALLATION 2019 MATERIAL
21000002206, A/P A.A CITY GOV'T DRIVER & VECHILE LICENCING & CONTROL AU
12000002008,A/R S/R NATNAEAL BIRHANU
61000004010,COMPUTER REPAIR & MAINTAINCE
51000047013,COST OF OFAG IP TELEPHONY ADVANCE PAYMENT GURANTEE
51000047012,COST OF OFAG IP TELEPHONY PERFORMANCE GURANTEE
12000001065,A/R IBM WORLD TRADE CORPORATION
21000002212, A/P RUHAMA BALEKERE AUTO SPARE
21000001003,Account payable -SILCONETWORKS FZE
61000016003,Tyre and spare part  02-62872
12000001014,A/R T/R   BMET ENERGY
51000048001,COST OF AUC HIGH DENSITY  MATERIAL
21000002098, A/P B.L.M TRADING PLC
61000010003,Tyre and spare part     03-70617-Dahitsu terios
21000002228, A/P ABADIRWAY INTERNATIONAL BUSINESS PLC
61000023001,Fuel and lubricants 3-A 68651
21000002114, A/P SALARY
14000001015,PREPAID INSURANCE car p no 3-A-68673
61000004008,CLEANING & SANITATION MATERIAL
61000010005,Parking      03-70617-Dahitsu terios
61000023005,Parking  3-A 68651
61000022005,Parking  3-A 68082
61000008005,PARKING    03-A21141-Hyundai car
61000011005,Parking      03-A21140-Hyundai 10
61000009005,Parking    03-A55262-Toyota Haice
21000002207, A/P WELLNESS ALEM AND KHUL
21000002171, A/P SUN SISTERS TRADING P.L.C
61000015003,Tyre and spare part  02-B07970-Mercedes
61000015001,Fuel and lubricants 02-B07970-Mercedes
51000044012,COST OF ECX - WEB SECURITY FREIGHT
51000044005,COST OF ECX - WEB SECURITY BANK SERVICE CHARGE
51000026011,COST OF TAX
21000002229, A/P GHBS MANAGEMENT CONSULTANCY PLC
21000002095, A/P INFO MIND SOLUTION PLC
12000001066,A/R DESIGN PRINTING AND ADVERTIZING
51000026012,COST OF FREIGHT
61000016008,CUSTOMES CLEARANCE 02-62872
61000016009,TAX FOR IMPORTED SPARE 02-62872
61000016010,MISSLANEOUS 02-62872
21000002015,Account payable-MOENCO
51000044007,COST OF ECX - WEB SECURITY LICENCES
11000002050,Cash Bank- OD RECOUNCLATION ACCOUNT
11000002035,Cash Bank-BIB OD 4370010000157
21000002237, A/P EMRATES AIRLINES
21000002012,Account payable-Jupiter Trading
21000002187, A/P JOHNNY GENERAL AUTO CAR MAINTENANCE & ASSEMBLY P.L.C
61000010002,car repaire and maintance    03-70617-Dahitsu terios
21000002238, A/P MOSAIC PRINTING(GASHAW TADESSE)
51000056001,COST OF CISCO COLLABORATION
21000002239, A/P SILVER SPRING PRODUCTION AND PROMOTION PLC
21000001035,Account payable - PEARSON VUE
12000001044,A/R   YEKATIT 12
41000001022,SALES INCOME Yekatit
61000023003,Tyre and spare part  3-A 68651
21000002204, A/P WONDWOSSEN TESHOME SIMPLE CARS REPAIR & MAINTENANCE GAR
51000048003,COST OF AUC HIGH DENSITY LABOUR
51000036003,"COST OF  labour MTU DCF (sup,instal & conf data centr env't)"
51000041008,"COST OF MOCS FRIGHT, CUSTOM CLERANCE"
12000002014,A/R S/R DAGIM ALEMAYEHU
12000002067,A/R S/R MEKONNEN HADUSH
12000002068,A/R GEKI STAR TRADING (BIT EXPORTER)
12000001010,A/R T/R WACHAMO UNIVERSITY WCU
41000002005,SERVIC INCOME WCU
12000002032,A/R S/R BINIAM SIRAK
12000002033,A/R Ministry of Revenue
12000001001,A/R T/R Sundary Debter
12000001012,A/R T/R ETHIOPIAN CUTTING
21000002169, A/P ABDUREHIM SEID MAHMUD
12000002080,A/R S/R GETACHEW DESTA
61000022003,Tyre and spare part  3-A 68082
61000021003,Tyre and spare part  3-A68062
51000062011,COST OF H&M INSURANCE
51000058001,COST OF DELL EMC
21000002115, A/P EVER GRAND INDUSTRIES P.L.C
17000006001,Fixed Asset office building( Owned)
51000047011,COST OF OFAG IP TELEPHONY INSURANCE
21000002156, A/P KADISCO GENERAL HOSIPITAL P.L.C
12000001015,A/R T/R   AWSAH BANK
21000003002,Account payable-CBE
51000008009,COST OF INSURANCE
21000002006,Account payable-Henock Shewasema(Car rent)
21000002021,Account payable-Eljona
21000002056,A/P Awash Bank
12000002041,A/R S/R SISAY MENGESHA
21000002219, A/P HENON CONSTRUCTION
41000001042,SALES INCOME H &M
21000003024,A/P H & M
41000004007,MDF ( Cisco Collaboration)
21000001037,"Account payable - HEFEI LASUN COMMUNICATION CO,LTD"
51000046012,COST OF FOREIGN MATERIAL AAIT
21000001040,Account payable - iBWAVE SOLUTIONS INC
12000001074,A/R T/R ATEA
21000003025,A/P MINT Smart Communication and Turnkey
51000047005,COST OF OFAG IP TELEPHONY BANK SERVICE CHARGE
21000001005,Account payable-FVC-UAE
51000049005,COST OF AUC DATA CENTER RECOVERY TRAINING
21000001028,Account payable - IT LEARNING SOLUTIONS TRAINING
51000036008,"COST OF MISS. & WAREHOUSE (sup,instal & conf DC env't)"
12000002066,A/R S/R MERIED
51000005007,COST OF  LICENSE WCU
12000001080,A/R ABAY BANK
41000001043,SALES INCOME ABAY BANK
21000001034,Account payable - BASECUMP  LLC
41000001018,SALES INCOME DB EN
12000001022,A/R T/R Dashen Bank
51000010007,COST OF  LICENSE DB UC
21000001006,Account payable-Mitsumi Distribution
51000007011,Cost of Supporting CBE VDI
51000061001,COST OF MINT Software  -LOCAL MATERIAL
21000001020,Account payable - STANFORD UNIVERSITY GLOBAL
51000028007,COST OF DB EN Licence
11000002028,"Cash Bank- BIB retaintion ""A"" acct 30%  9009980001051"
51000043012,COST OF ECX - STORAGE PERFORMANCE GURANTEE
12000002076,A/R S/R HABTAMU RETA
12000002079,A/R S/R YARED EDOSA
21000002133, A/P MEA-TECH COMPUTER AND FURNITURE
21000002220, A/P ETHIOPIAN DIABETIC ASSOCIATION
21000002132, A/P WARYT MULUTILA INTERNATIONAL PLC
17000003,"Fixed Asset - Office Furniture, Fixture and Equipment"
61000008003,Tyre and spare part   03-A21141-Hyundai car
61000008007,LABOUR/CRANE     03-A21141-Hyundai car
21000002205, A/P LIYA SISAY MARYE
12000001078,A/R APP TECH IT SOLUTIONS
21000002034,A/P DHL
51000046008,"COST OF AAIT  Transistor, CUSTOM CLERANCE and Warehose"
12000001079,A/R PANAFRIC GEOINFORMATION SERVICE PLC
51000047007,COST OF OFAG IP TELEPHONY LICENCE
21000002246, A/P LC MARGIN FIR BIB
12000001013,A/R T/R  GENET PETROLIUM
51000049002,COST OF AUC DATA CENTER RECOVERY PERDIME
61000005006,OFFICE LICENSE
21000002248, A/P KAKI PLC
12000002058,A/R S/R   Dawit Wall Art
12000002071,A/R S/R ESTIFANOS ABEBE
12000002077,A/R S/R MIFTAH AHMETO
12000002083,A/R S/R DEJENE MELESE
21000002243, A/P GEKI STAR TRADING (BIT EXPORTER)
21000002244, A/P ABENAZZER BAYU
21000001044,Account payable - SAGE SA (PYT)LTD
51000013001,Cost of Genet Petroluem License
51000013004,Cost of Bank Service Charge
51000036014,COST OF FOREIGN MATERIAL
51000036005,"COST OF bank ser MTU (supp,install & conf data center env't)"
12000001069,A/R VMWARE
41000004003,MDF ( VMWARE)
41000004009,MDF (Dell Emc)
21000002241, A/P BID DOCUMENT
51000028010,COST OF DB EN PERFORMANCE GURANTEE
12000002084,A/R AWASH INSURANCE
12000001032,A/R ECX Perimeter Firewall
21000002253, A/P BEGELILA CAR DECOR
61000010004,car clean and washing      03-70617-Dahitsu terios
61000017004,car clean and washing  3-A21783
61000013008,MISSLANEOUS  03-A06765- Toyota corolla
61000024005,Parking  3-A68673 ISUZU
61000011004,car clean and washing t    03-A21140-Hyundai 10
12000001058,A/R MIZAN TEPI
51000062007,COST OF H&M MISSLANEOUS
21000002258, A/P DAMA TRADE
21000002259, A/P Ephrem Sisay
61000024002,car repaire and maintance 3-A68673 ISUZU
12000001082,A/R MINT ECA
21000002260, A/P HONGHUA LI
61000004013,MATERIAL & RELATED COST FOR ICT Park
21000002140, A/P HAILU TESFAYE SANITARY AND BULIDING MATERIAL SHOP
51000036007,"COST OF INSURANCE (supp,install & conf data center env't)"
41000004010,MDF (HP)
41000005002,Sales Income  ATA 0365 & FIRE POWER LICENSE - CLOUD & ANALYT
51000041007,COST OF MOCS LICENCES
51000041005,COST OF MOCS BANK SERVICE CHARGE
21000001007,Account payable-Reddot
21000001010,Account payable-Interdist
51000060001,Ethio Electric Power Licesce
51000060005,Ethio Electric Power Bank service charge
51000063003,COST OFATA 0365 & FIRE POWER --LICENSE
51000063005,COST OFATA 0365 & FIRE POWER LICENSE-Bank svs charge
51000036010,"COST OF MTU (TAX,CUSTOMES CLEARANCE &TRANSISTOR)"
12000001034,A/R T/R ETHIOPIAN SHIPING LOGESTIC
61000004014,LABOUR COST FOR HQ(NEW OFFICE)
61000023002,car repaire and maintance 3-A 68651
61000021001,Fuel and lubricants 3-A68062
61000022001,Fuel and lubricants 3-A 68082
61000001010,Emploee Benefit
21000002117, A/P BETHZATH GENERAL HOSPITAL
51000046014,COST OF ADV.PYT GUARANTEE AAIT
51000046013,COST OF PERFORMANCE GUARANTEE AAIT
51000008013,Cost of PERFORMANCE GUARANTEE MCIT
41000001017,SALES INCOME DB UC
14000001001,PREPAID INSURANCE
61000021002,car repaire and maintance 3-A68062
61000012002,car repaire and maintance    03-A06766- Toyota
61000022002,car repaire and maintance 3-A 68082
12000001060,A/R MARATHON MOTOR ENGINEERING P.L.C
51000021012,COST OFAG-DCF Support
61000004016,SECURITY PAYMENT FOR OFFICE
61000006,Other expense
12000001051,A/R T/R ATA - OFFICE 365
21000002166, A/P BASE TECH P.L.C
11000002036,Cash Bank-ADIB MAIN 176001
21000002270, A/P BINIYAM EXPORTER
21000002119, A/P SADOR ALUMINUM TECHNICS PLC
21000002256, A/P HELEN DEME
14000001002,PREPAID RENT
12000001084,A/R ERCA
21000001009,Account payable-Canovate
51000037008,COST OF Unilever Foreign Material(smart inf dept)
21000002268, A/P GEDION W/YOHANES
51000005014,COST OF  LICENSE WCU(smart inf dept)
51000005015,COST OF  SUPPORT WCU(smart inf dept)
21000001032,Account payable - HEWLETT-PACKARD TRADE
21000001046,Account payable - TABLUE INT U.C
21000002222, A/P LOGISKILLS TRANSIT SERVICES
51000036015,COST OF DCF PERDIEM
51000046003,COST OF AAIT LABOUR (SMART INF.)
51000046004,COST OF AAIT FUEL/TRANSPORT
21000001045,Account payable - MICROSOFT IRELAND OPERATIONS )LTD
51000066001,COST OF ADiB FORTINET FIREWALL-LOC. MATERIAL(SMART INF DEPT)
21000002269, A/P ASEGEDCH B
51000068003,COST OF AMU- Wire. Supp & Inst.Sawala Camp.-ADVANCE GARANTEE
51000068005,COST OF AMU- Wire. Supp & Inst.Sawala Camp.-PERFORMAN GARANT
12000001089,A/R CBE BAMBIS
51000067005,COST OF DDU-MODULAR DCI- PERFORMANCE GUARANTEE
22000001002,Loan From BOA
61000014002,car repaire and maintance  03-79714- Hyunda
61000006008,VACANCY
61000017005,Parking  3-A21783
61000021005,Parking  3-A68062
51000068014,COST OF AMU- Wire. Supp & Inst.Sawala Camp.-FORIGN MATERIAL
61000015008,Missllaneus 02-B07970-Mercedes
21000001008,Account payable-Cyberpulse
51000046001,"COST OF AAIT MATERIAL ,SMART INF. (DCF)"
51000046009,COST OF AAIT SUBCONTRACTOR
51000016012,Cost of AAU Support
21000001047,Account payable - SILCON NETWORKS ( EXAM)
51000012001,Cost of CSA Licence
51000012005,Cost of CSA BANK SERVICE CHARGE
21000001049,Account payable - SEGON MARIL INTERNATIONAL PLC
51000067002,COST OF DDU-MODULAR DCI- Perdiem Smart Inf Dep't
61000001004,EMPLOYEE INCENTIVE
12000002085,A/R EPHREM SI. (SO)
12000002088,A/R YOSEF AMBAYE
21000003030,"A/P  MOF SUPPLY, INST. AND COMMISSIONING OF DATACENTER"
51000066013,COST OF ADiB FORTINET FIREWALL-PERFORMANCE GUARANTEE
51000069007,"COST OF MOF SUP, INST.& COMMISSIONING OF DC- PERFORMANCE GUA"
12000001048,A/R  BT COMMUNICATION
41000001024,SALES INCOME BT COMMUNICATION
21000006007,Account payable- Interest payable for EBOD
21000006006,Account payable- Interest payable for BOA
51000069006,"COST OF MOF SUP, INST.& COMMISSIONING OF DC- ADV.PYT GUARANT"
61000011002,car repaire and maintance   03-A21140-Hyundai 10
12000002078,A/R S/R TSION AFERA
51000068006,COST OF AMU- Wire. Supp & Inst.Sawala Camp.BANK SVS CHARGE
21000003018,Account payable-ZB TACASS+AAA
51000019007,COST OF  LICENSE ZB-TACASS+AAA
12000002081,A/R S/R SOLOMON BIRHANU
12000002089,A/R Fikirte K.
12000002011,A/R S/R Redeat Birhanu
61000017002,car repaire and maintance 3-A21783
41000001014,SALES INCOME ZB -TACASS+AAA
51000066006,COST OF ADiB FORTINET FIREWALL-Training
51000066007,COST OF ADiB FORTINET FIREWALL-BANK SVS CHARGE
51000069001,"COST OF MOF SUP, INST.& COMMISSIONING OF DC- Foreig.MATERIAL"
51000068007,COST OF AMU- Wire. Supp & Inst.Sawala Camp.INSURANCE
51000072007,COST OF AbY Bank Core Swtch &Cisco FP project-INSURANCE
51000072010,COST OF AbY Bank Core Swtch &Cisco FP project-MISS
51000047015,COST OF OFAG IP TELEPHONY SUPPORT
51000068008,COST OF AMU- Wire. Supp & Inst.Sawala Camp.MISSLANEOUS
51000072014,COST OF Abay Bank Core Switch &Cisco FP project-FOREIGN MAT.
51000072005,COST OF Abay Bank Core Switch &Cisco FP project-BANK SVS CHA
11000002039,"Cash Bank-ZB RETANTION ""A"" 1027720028762010"
11000002040,"Cash Bank-ZB RETANTION ""B"" 1027720028762017"
21000003031,A/P  Abay Bank Core Switch and Cisco FP project
12000002086,A/R ROBIN YEHUALASHET
21000002022,Account payable- PAGUMEN TOUR AND TRAVEL
51000070008,COST OF ECX IT Infra.& Security Software-FOREIGN MATERIAL
51000070004,COST OF ECX IT Infrastructure & Security Software-BANK SERVI
51000012006,Cost of CSA BID BOND GUARANTEE
51000076006, COST OF MiNTUpgrading Wereda netSecurity Sys-PERFORMANCE G.
51000073011,COST OF ATA HCI NODE 2020- BID BOND GUARANTEE
51000076007, COST OF MiNTUpgrading Wereda netSecurity Sys-ADV. PYT.GUARA
51000069011,"COST OF MOF SUP, INST.& COMMISSIONING OF DC- BID BOND GUAR"
51000071002,COST OF ERA SYMANTIC LIcense
51000068010,COST OF AMU- Wire. Supp & Inst.Sawala Camp.SUB CONT
51000067009,COST OF DDU-MODULAR DCI- PROFESSIONAL FEE
51000074010,COST OF H & M ELITE BOOK LAPTOP-FOREIGN MATERIAL
51000036009,"COST OF TRAINING  (supp,install & conf data center env't)"
51000067001,COST OF DDU-MODULAR DCI- Local Material
51000008004,COST OF FUEL/TRANSPORT
51000066010,COST OF ADiB FORTINET FIREWALL-TRANSPORTATION
51000063004,COST OFATA 0365 & FIRE POWER --TRANSPORT
51000026010,COST OF TRANSPORTATION
51000069004,"COST OF MOF SUP, INST.& COMMISSIONING OF DC- TRANSPORT &FUEL"
51000072012,COST OF AbY Bank Core Swtch &Cisco FP project-TRANSPORT
51000068004,COST OF AMU- Wire. Supp & Inst.Sawala Camp.-TRANSPORT (FUEL)
51000070011,COST OF ECX IT Infra.& Security Software-TRANSPORTATION
51000075004, COST OF BDU-WIRELESS ACCESS POINT SUPPLY-TRANSPORT(FUEL)
61000024001,Fuel and lubricants 3-A68673 ISUZU
21000003035,A/P DDU- MODULAR DATA CENTER INFRASTRUCTURE
41000008001,SALES INCOME DDU-MODULAR DCI- SMART INF. DEP'T
21000001029,Account payable - Gtmhub EOOD
51000075005, COST OF BDU-WIRELESS ACCESS POINT SUPPLY-BANK SERVICE CHARG
61000006012,PROVISION EXPENSE
51000075008, COST OF BDU-WIRELESS ACCESS POINT SUPPLY-PERFORM PYT GUARAN
51000072008,COST OF AbY Bank Core Swtch &Cisco FP project-PERFORMANECE G
51000036012,COST OF PERFORMANCE GUARANTEE
2100,Account Payable
24000001001,Other Accrrued Liability
51000067010,COST OF DDU-MODULAR DCI- FOREIGN MATERIAL
12000001105,A/R ADAMA FINANCE & ECONOMIC OFFICE
41000001047,SALES INCOME- ESS NOC and Switch
41000001009,SALES INCOME MCIT
51000072011,COST OF AbY Bank Core Swtch &Cisco FP project-FRIGHT
61000001011,Emploee leave Expense
21000006008,Account payable- Accrued Employee Leave Liablity
61000006022,EXCHANGE RATE LOSS
51000071005,COST OF ADAMA LICENSE LIcense
61000001008,MEDICAL EXPENSE
61000006010,AUDIT FEE
21000002173, A/P HABTAMU TESFAYE CERTIFIED AUDIT
17000002001,Accu. Dep. Fixed Asset Motor vehicle
17000001001,ACCU.DEP. COMPUTER & ACCESS
17000003001,"Accu. Dep. Furniture, Fixture and Equipment"
17000004,Fixed Asset Other Asset (Software & Book)
17000004001,Accu. Dep. Fixed Asse Other Asset (Software & Books)
17000006002,Accu. Dep. Fixed Asset Owned Building
61000007001,Depreciation Expense
31000002001,Retaining Earning
61000007003,profit tax  Expense
21000006002,Account payable-Deffered tax
31000003001,Legal Service
41000001011,SALES INCOME AAU (Support)
41000001030,SALES INCOME ECX - STORAGE
41000001034,"SALES INCOME AAIT LAN Infras. Materials, Supp, Inst(SI)"
41000001039,SALES INCOME ATEA
41000001044,SALES INCOME ERA WEBEX
41000001045,SALES INCOME ERA SYMANTIC
41000001046,SALES INCOME MOP (P.O.I)
41000004001,MDF ( IBM FSI)
41000004002,MDF ( IBM GOV)
41000004008,MDF (Dell bussiness continuit event)
41000006001,Sales Income ATA-Supply Tape Drive with car - CLOUD & ANALYT
41000007001,SALES INCOME ADiB FORTINEIT FIREWALL-SMART INFRASTRUCTURE
41000009001,"SALES INC. -AMU-Wireless Supp. & Inst, Sawala Cum-SMART INF."
41000010001,"SALES INCOME-MOF SUPP, INST.& COMISSIONING OF DC (HYBRIDE CL"
41000011001,SALES INCOME ECX IT Inf. & Security Software-HYBRIDE DEP'T
41000012001,Income  on Sale of PPE
41000013001,SALES INCOME ABAY Bank Core Switch and Cisco FP project-SI
41000014001,SALES INCOME H & M ELITE BOOK LAPTOP-MDCC
51000002007,COST OF LICENSE WU
51000002014,Cost of Support WU
51000008001,COST OF MATERIAL MCIT
51000008008,COST of Subcontract
51000019009,COST OF ZB BID BOND GUARANTEE
51000025011,COST OF JMU - SUPPORT
51000028009,COST OF DB EN TRAINING
51000036011,"COST OF FREIGHT  (supp,install & conf data center env't)"
51000036013,COST OF ADVANCE PYT GUARANTEE
51000036016,MTU- COST OF PROFFESSIONAL FEE
51000037003,COST OF Unilever labor
51000037005,COST OF Unilever Bank Service
51000042001,COST OF ATA - HCI MATERIAL
51000043001,COST OF ECX - STORAGE MATERIAL
51000043005,COST OF ECX - STORAGE BANK SERVICE CHARGE
51000043013,COST OF ECX - STORAGE ADVANCE PYT GURANTEE
51000046002,COST OF AAIT PERDIME
51000046005,COST OFAAIT BANK SERVICE CHARGE
51000046015,COST OF PROFESSIONAL PYT AAIT
51000047001,COST OF OFAG IP TELEPHONY  MATERIAL
51000047003,COST OF OFAG IP TELEPHONY LABOUR
51000047006,COST OF OFAG IP TELEPHONY MISS EXPE
51000049001,COST OF AUC DATA CENTER RECOVERY  MATERIAL
51000049004,COST OF AUC DATA CENTER RECOVERY FUEL/TRANSPORT
51000051001,COST OF IBM (GOV)
51000051002,COST OF IBM cyber security
51000055001,COST OF TABLEAU EVENT
51000061003,COST OF MINT Software  (Ref.No.ET)- LABOUR
51000061005,COST OF MINT Software  (Ref.NoET) -BANK SERVICE CHRGE
51000061006,COST OF MINT Software (Ref.No.ET-MInT- AP. Guarantee
51000061008,COST OF MINT Software  (Ref.No.ET)- PER. Guarantee
51000061012,COST OF MINT Software (Ref.No.ET) LICENSE
51000061014,COST OF ATEA FOREIGN MATERIAL
51000062001,COST OF H&M MATERIAL
51000062006,COST OF H&M BANK SERVICE CHARGE
51000062013,COST OF H&M FORIGN MATERIAL
51000063002,COST OFATA 0365 & FIRE POWER LICENSE-PERDIEM
51000064003,MINT Smart Communication and Turnkey (Ref.No ET-MINT- LABOR
51000064005,MINT Smart Communication and Turnkey -BANK SVS CHARGE
51000064006, MINT Smart Communication and Turnkey - FREIGHT
51000064007,MINT Smart Communication and Turnkey (Ref.No)-  WAREHOUSE
51000064012,MINT Smart Communication and Turnkey (Ref.N) -FOREIGN MATERI
51000064013,ATA-Suply Tape Drive with cartrdge& implemntatn-PERFO GUARA
51000064014,ATA-Suply Tape Drive with cartrdge& implemntatn-ADVANC GUARA
51000065001,COST OF MDF- Huawei Event
51000066004,COST OF ADiB FORTINET FIREWALL-INSURANCE
51000066008,COST OF ADiB FORTINET FIREWALL-FREIGHT
51000066009,COST OF ADiB FORTINET FIREWALL-SUB CONT.
51000066011,COST OF ADiB FORTINET FIREWALL-MISS EXPENSE
51000066014,COST OF ADiB FORTINET FIREWALL-ADVANCE GUARANTEE
51000066015,COST OF ADiB FORTINET FIREWALL-FOREIGN MATERIAL
51000066016,CUSTOMES CLEARANCE (TRANSISTOR)
51000066017,COST OF ADiB FORTINET FIREWALL-WAREHOUSE
51000067003,COST OF DDU-MODULAR DCI- LABOUR Smart Inf dept
51000067004,COST OF DDU-MODULAR DCI- TRANSPORT (FUEL)
51000067006,COST OF DDU-MODULAR DCI- INSURANCE PAYMENT
51000067008,COST OF DDU-MODULAR DCI- ADVANCE
51000067011,COST OF DDU-MODULAR DCI- CUSTOMES CLEARANCE (TRANSIT)
51000068002,COST OF AMU- Wire. Supp & Inst.Sawala Camp.- PERDIEM SMART
51000068009,COST OF AMU- Wire. Supp & Inst.Sawala Camp.FRIGHT
51000068011,COST OF AMU- Wire. Supp & Inst.Sawala Camp.-LABOUR
51000068012,COST OF AMU- Wire. Supp & Inst.Sawala Camp.LICENSE
51000068015,COST OF AMU- Wire. Supp & Inst.Saw. Camp.-CUSTOM & WAREHOUSE
51000069003,"COST OF MOF SUP, INST.& COMMISSIONING OF DC- LABOUR"
51000069008,"COST OF MOF SUP, INST.& COMMISSIONING OF DC- INSURANECE"
51000069009,"COST OF MOF SUP, INST.& COMMISSIONING OF DC- MISS"
51000069010,"COST OF MOF SUP, INST.& COMMISSIONING OF DC- CUSTOMES C;EARA"
51000070005,COST OF ECX IT Infrastructure & Security Software-LICENSE
51000070006,COST OF ECX IT Infrastructure & Security Software-PERF.GUARA
51000070009,COST OF ECX IT Infra.& Security Software-MISS
51000070010,COST OF ECX IT Infra.& Security Software-CUSTOMES CLEARANCE
51000071001,COST OF DELL INT (.INK ) PROMOTION
51000071003,COST OF MOP P.O.I LIcense
51000071004,COST OF ERA WEBEX LIcense
51000072001,COST OF Abay Bank Core Switch &Cisco FP project-LOC MATERIAL
51000072004,COST OF Abay Bank Core Switch &Cisco FP project-LICENSE
51000072006,COST OF Abay Bank Core Switch &Cisco FP- Customes Clearance
51000072009,COST OF AbY Bank Core Swtch &Cisco FP project- ADV. GUARANTE
51000073006,COST OF ATA HCI NODE 2020- Transistor(customes clearance)
51000073010,COST OF ATA HCI NODE 2020- SUB CONT.
51000074003,COST OF H & M ELITE BOOK LAPTOP-LABOUR
51000074005,COST OF H & M ELITE BOOK LAPTOP-BANK SERVICE CHARGE
51000074007,COST OF H & M ELITE BOOK LAPTOP-MISSLOULANIOUS
51000074008,COST OF H & M ELITE BOOK LAPTOP- CUSTOMES CLEARANCE & WAREHO
51000074009,COST OF H & M ELITE BOOK LAPTOP-FREIGHT
51000075002, COST OF BDU-WIRELESS ACCESS POINT SUPPLY-PERDIME
61000004011,"IMPORTED ITEMS TAX,FREIGHT AND WARWHOUSE"
61000005004,NEWS PAPER & MEGAZINE
61000005007,ACCOMODATION EXPENSE(HOTEL PCGE)
61000005008,SALES TRAINER EXPENSE
61000006013,PENALITY
61000008004,Carr clean and washing    03-A21141-Hyundai car
61000008006,Insurance     03-A21141-Hyundai car
61000009004,car clean and washing   03-A55262-Toyota Haice
61000010006,Insurance      03-70617-Dahitsu terios
61000010008,MISSLANEOUS 03-70617-Dahitsu terios
61000011006,Insurance       03-A21140-Hyundai 10
61000011009,MISS.  03-A21140-Hyundai 10
61000012001,Fuel and lubricants    03-A06766- Toyota
61000012003,Tyre and spare part     03-A06766- Toyota
61000012004,car clean and washing     03-A06766- Toyota
61000012005,Parking     03-A06766- Toyota
61000012006,Insurance     03-A06766- Toyota
61000012007,LABOUR/CRANE 03-A06766- Toyota
61000012008,MISS 03-A06766- Toyota
61000013004, car clean and washing 03-A06765- Toyota corolla
61000013006,Insurance   03-A06765- Toyota corolla
61000014004,car clean and washing   03-79714- Hyunda
61000014006,Insurance   03-79714- Hyunda
61000014008,MISSLANEOUS  03-79714- Hyundai
61000015006,Insurance   02-B077970-Mercedes
61000016002,car repaire and maintance 02-62872
61000016006,Insurance   02-62872
61000017006,Insurance   3-A21783
61000017008,MISSLANIOUS  3-A21783
61000019002,Tyre and Spareparts RANGE ROVER B-35565
61000019003,Service & Maintainance RANGE ROVER B-35565
61000019005,LABOUR (CRANR) RANGE ROVER B-35565
61000021004,car clean and washing  3-A68062
61000021006,Insurance   3-A68062
61000021008,MISSLANIOUS  3-A68062
61000021009,Customes Clearance  3-A68062
61000022004,car clean and washing  3-A 68082
61000022006,Insurance  3-A 68082
61000022008,MISSLANIOUS  3-A 68082
61000023004,car clean and washing  3-A 68651
61000023006,Insurance  3-A 68651
61000023008,MISSLANIOUS 3-A 68651
61000024003,Tyre and spare part 3-A68673 ISUZU
61000024004,car clean and washing  3-A68673 ISUZU
61000024006,Insurance  3-A68673 ISUZU
61000024007,LABOUR/CRANE 3-A68673 ISUZU
61000024008,MISSLANIOUS 3-A68673 ISUZU
21000002085, A/P ABEMA TECH IMPORTER
21000002087, A/PATSEDE G/EGR
21000003036,A/P MiNTUpgrading  Wereda net Security System
21000002211, A/P ALKAWKEB TRADING PLC
51000077004, COST OF BIT- NETWORK MAT PURCHASE & IMPLE- TRANSPORT
51000077002, COST OF BIT- NETWORK MAT PURCHASE & IMPLE- PERDIME
51000079001,ATA (Oromia-Network inf. sup. & Installation)-LOCAL MATERIAL
21000002151, A/P ROBA P.L.C
21000001054,Account payable - TRICONTINENTAL LTD
51000080002,COST OF DB Supply and Installation of IBM Web-BANK SERVICE
21000001053,Account payable - VERTIVE SOUTHAFRICA PTY LTD
51000067012,COST OF DDU-MODULAR DCI- BANK SERVICE CHARGE
51000077001, COST OF BIT- NETWORK MAT PURCHASE & IMPLE- LOCAL MATERIAL
51000077003, COST OF BIT- NETWORK MAT PURCHASE & IMPLE- LABOUR
12000002036,A/R S/R  ABEL WERESE
21000002110, A/P AHEAD ENGINERING P.L.C
51000036017,MTU- COST OF SUPPORT
51000081001,COST OF Mastercard - Supply of Switch & Router. LOCAL MATERI
51000079005,ATA (Oromia-Network inf. sup. & Installation)- BANK SVS CHAR
21000002233, A/P HARON COMPUTER PLC
41000002029,Service Income AUC Stealthwatch and Network Expansion
11000002037,"Cash Bank-WGB RETANTION ""A""0805734111801"
51000070001,COST OF ECX IT Infrastructure & Security Software-LOC.MATERI
21000001052,Account payable - AIRFire WORLDWIDE
51000083001,COST OF AUC Stealthwatch and Network-LOCAL MATERIAL
21000003044,A/P MasterCard HP Server
12000001085,A/R ESS NOC and Switch
51000082003,COST OF ERA and MoT Data Center- LABOUR
51000082006,COST OF ERA and MoT Data Center- SUB-CONT PYT
12000001095,A/R ECX IT Infrastructure and Security Software
12000001115,A/R HUAWIE TECHNOLOGIES ETHIOPIA PLC
51000082001,COST OF ERA and MoT Data Center- LOCAL MATERIAL
12000001093,A/R AMU- Wireless Supply & Installation at Sawala Cumpus
12000001109,A/R ATA (Oromia-Network infrastructure supply and I
51000077010, COST OF BIT- NETWORK MAT PURCHASE & IMPLE- FORIGN MATERIAL
51000077005, COST OF BIT- NETWORK MAT PURCHASE & IMPLE- BANK SERVICE CHA
17000006003,Fixed Asset - Datacenter and SCS Items
17000005,Fixed AsseTools
51000077008, COST OF BIT- NETWORK MAT PURCHASE & IMPLE- WAREHOUSE PAYMEN
12000001110,A/R DB Supply and Installation of IBM WebSphere License
41000021001,SALSE INCOEM-DB Supply and Installation of IBM WebSphere
51000082004,COST OF ERA and MoT Data Center- TRANSPORTATION
12000001111,A/R Mastercard - Supply of Switch & Router.
41000002028,Service Income Mastercard - Supply of Switch & Router.
12000001025,A/R T/R AAU
51000085010,COST OF MasterCard HP Server-Foreign Material
51000085005,COST OF MasterCard HP Server-BANK SERVICE CHARGE
51000067013,COST OF DDU-MODULAR DCI- WAREHOUSE
51000089003,COST OF AMU DC Infrastructure Upgrade- Labour
51000089004,COST OF AMU DC Infrastructure Upgrade-Transportation
51000067014,COST OF DDU-MODULAR DCI- MISSLANEOUS
11000002041,Cash Bank- Buna Int. Bank (1019601002013):
12000001107,A/R BiT-NETWORK MATERIAL PURCHASE & IMPLEMENTATION
41000018001,SALES INCOME BIT- NETWORK MATERIAL PURCHASE AND IMPLEMEN
51000067007,COST OF DDU-MODULAR DCI- FRIGHT
61000019001,Fuel and Lubricant RANGE ROVER B-35565
51000011009,COSTOF Ethswitch ERP (SAP)- Subcontract
51000085011,COST OF MasterCard HP Server-WAREHOUSE
51000085003,COST OF MasterCard HP Server-LABOUR
12000001117,A/R MasterCard HP server
41000002030,Service Income MasterCard HP server
51000085008,COST OF MasterCard HP Server-TRANSPORT
12000001023,A/R T/R MCIT
12000001083,A/R KANU ELECTRICAL MATERIALS
12000001086,A/R BROOK LEYKUN MANUFACTURING
51000079007,ATA (Oromia-Netrk inf. sup. & Installation)- customs & Wareh
51000075006, COST OF BDU-WIRELESS ACCESS POINT SUPPLY-INSURANCE
51000090006,COST OF  DB IBM Workload Automation- PERFORMANCE GUARANTEE
51000091006,COST OF ENA Supply & Implementation of Antivirus-AP Guarante
41000017001,Sales Income-  MiNTUpgrading  Wereda net Security System
41000022001,SALSE INCOEME- ERA and MoT Data Center
21000003043,A/P ERA and MoT Data Center
12000001090,A/R DDU MODULAR DATA CENTER
51000076001, COST OF MiNTUpgrading Wereda net Security Sys- Local Materi
12000002073,A/R BETELIHEM MEWUCHA
12000002051,A/R MALDIVES PROMOTION
12000002,Staff Recivables
51000075001, COST OF BDU-WIRELESS ACCESS POINT SUPPLY-LOCAL MATERIAL
41000002032,Service Income ENA Supply & Implementation of Antivirus
51000089002,COST OF AMU DC Infrastructure Upgrade-Perdiem
51000075010, COST OF BDU-WIRELESS ACCESS POINT SUPPLY- FORIGN MATERIAL
51000091005,COST OF ENA Supply & Implementation of Antivirus-BANK CHARGE
51000091004,COST OF ENA Supply & Implementation of Antivirus- LICENSE
51000075003, COST OF BDU-WIRELESS ACCESS POINT SUPPLY-LABOUR
12000001106,A/R MiNTUpgrading  Wereda net Security System
12000001120,A/R ENA Supply & Implementation of Antivirus
51000094010,COST OF ERA CCTV Supply & Inst-FOREIGN MATERIAL
51000094005,COST OF ERA CCTV Supply & Inst-BANK SVS CHARGE
12000001114,A/R ERA and MoT Data Center
61000006023,LOSS ON PPE
61000016007,LABOUR/CRANE  02-62872
51000082005,COST OF ERA and MoT Data Center- MISS
12000001045,A/R BINIAM (MINT EXPORTER)
51000075009, COST OF BDU-WIRELESS ACCESS POINT SUPPLY-SUB-CONTRACT PYT
51000089001,COST OF AMU DC Infrastructure Upgrade-Local Material
51000077007, COST OF BIT- NETWORK MAT PURCHASE & IMPLE- INSURANCE PYT
14000001003,PREPAID INSURANCE car p no-2-62872
14000001004,PREPAID INSURANCE car p no-3-a21783
14000001005,PREPAID INSURANCE car p no-A-211140
14000001006,PREPAID INSURANCE car p no-A-211141
14000001007,PREPAID INSURANCE car p no-79714 hunda
14000001008,PREPAID INSURANCE car p no-A-6765
14000001009,PREPAID INSURANCE car p no-A-06766
14000001012,PREPAID INSURANCE car p no-A-68082
14000001014,PREPAID INSURANCE car p no 3-A-68651
14000001016,PREPAID INSURANCE car p no 3-A-70617
14000001017,PREPAID INSURANCE for House (fire ins)
14000001013,PREPAID INSURANCE car p no-A-68062
17000005001,Accu. Dep. Fixed Asset Tools
17000006004,Fixed Asset - Acc. depr. Datacenter and SCS Items
21000003034,"A/P BDU-Wireless access point supply installation,configu"
41000016001,SALES INCOME BDU-Wireless access point supply installation
41000001048,SALES INCOME COMMERCILA NOMINIS(POI)
41000001049,SALES INCOME ECX VMWare Vsphere 7 License
41000001050,SALES INCOME Bunna.B Webex License
41000002021,Service Income Genet Petroleum License
41000002031,Service Income IBM Workload Automation
41000002033,Service Income- MoF-MoA HCI for AGMIS
41000002034,Service Income- AUC Firewall & Access Switch
41000002035,"Service Income- CBE IS Security, IS Infrastructure & IBM Con"
41000004012,REBATE- AVAYA
41000020001,SALES ATA (Oromia-Network infrastructur supp & Installation)
41000023001,SALSE INCOEM- AMU DC Infrastructure Upgrade
51000008002,COST OF PERDIME MCIT
51000008006,COST OF TRAINING MCIT
51000011006,COST OF Ethswitch ERP (SAP)- PERFORMANCE GUARANTEE
51000011007,COST OF Ethswitch ERP (SAP)-ADVANCE GUARANTEE
51000011011,Cost of Ethswitch ERP (SAP)- Miss.
51000032001,Cost Of Genet Petroleum License
51000067015,COST OF DDU-MODULAR DCI- SOFTWARE LICENSE
51000067016,COST OF DDU-MODULAR DCI- TRAINING
51000069005,"COST OF MOF SUP, INST.& COMMISSIONING OF DC- BANK SVS CHARGE"
51000071006,COST OF COMMERCIAL NOMINIS(CN) LIcense
51000071007,COST OF BUNA INT. BANK WEBEX
51000075007, COST OF BDU-WIRELESS ACCESS POINT SUPPLY-ADV PYT GUARANTEE
51000075011, COST OF BDU-WIRELESS ACCESS POINT SUPPLY- MISSLANEOUS
51000076003, COST OF MiNTUpgrading Wereda net Security Sys- LABOR
51000076005, COST OF MiNTUpgrading Wereda net Security Sys- PS
51000077006, COST OF BIT- NETWORK MAT PURCHASE & IMPLE- SUB-CONT. PAYMEN
51000077009, COST OF BIT- NETWORK MAT PURCHASE & IMPLE- FRIGHT PYT
51000077011, COST OF BIT- NETWORK MAT PURCHASE & IMPLE- CUST. CLEA &TRAN
51000077012, COST OF BIT- NETWORK MAT PURCHASE & IMPLE- TRAINNING
51000077013, COST OF BIT- NETWORK MAT PURCHASE & IMPLE- MISSLANEOUS
51000078003, COST OF:ECX Software and IT Infrastructure 2020- LABOUR
51000078005, COST OF:ECX Software and IT Infrastructure 2020- BANK SERVI
51000078006, COST OF:ECX Software and IT Infrastructure 2020- LICENSE
51000078007, COST OF:ECX Software and IT Infrastructure 2020- FRIGHT
51000078008, COST OF:ECX Software&IT Infrastructure 2020- CUSTOMES CLEAR
51000078009, COST OF:ECX Software&IT Infrastructure 2020- PERFORMANCE GU
51000078010, COST OF:ECX Software & IT Infrastructure 2020- FORIGN MTER
51000078011, COST OF:ECX Software & IT Infrastructure 2020- WAREHOUSE
51000079002,ATA (Oromia-Network inf. sup. & Installation)- PERDIEM
51000079003,ATA (Oromia-Network inf. sup. & Installation)- LABOUR
51000079008,ATA (Oromia-Netrk inf. sup. & Installation)- TRAINNING
51000080003,COST OF DB Supply and Installation of IBM Web-PERFORMANCE GU
51000080004,COST OF DB Supply and Installation of IBM Web-ADVANCE GUARAN
51000080005,COST OF DB Supply and Installation of IBM Web-LICNSE
51000081003,COST OF Mastercard - Supply of Switch & Router. LABOUR
51000081004,COST OF Mastercard - Supply of Switch & Router.LICENSE
51000081005,COST OF Mastercard - Supply of Switch & Router.BANK SERVICE
51000081006,COST OF Mastercard - Supply of Switch & Router.FRIGHT
51000081007,COST OF Mastercard - Supply of Switch & Router.INSURANCE
51000081010,COST OF Mastercard - Supply of Switch & Router.FORIGN MATERI
51000081011,COST OF Mastercard - Supply of Switch & Router.WAREHOUSE
51000082007,COST OF ERA and MoT Data Center- PERFORMANCE GUARANTEE
51000082008,COST OF ERA and MoT Data Center- ADVANCE PYT GUARANTEE
51000082010,COST OF ERA and MoT Data Center- INSURANCE
51000084005,COST OF ECX VMWare Vsphere 7 License- LICENSE
51000084009,COST OF ECX VMWare Vsphere 7 License- PERFORMANCE GUARANTEE
51000085004,COST OF MasterCard HP Server-BANK LICENCE
51000085006,COST OF MasterCard HP Server- FRIGHT
51000085007,COST OF MasterCard HP Server-INSURANCE
51000086004,COST OF CSA Supply & Renewal of SSL Certificate-LICENSE
51000087001,COST OF  ECX IT Equipment- LOCAL MATERIAL
51000087006,COST OF  ECX IT Equipment- PERFORMANCE GUARANTEE
51000088006,COST OF  AUC Firewall & Access Switch-PERFORMANCE GUARANTEE
51000089006,COST OF AMU DC Infrastructure Upgrade-SUB-CONT.PYT
51000089007,COST OF AMU DC Infrastructure Upgrade- Performance Guarantee
51000089008,COST OF AMU DC Infrastructure Upgrade- Advance Pay Guarantee
51000090001,COST OF  DB IBM Workload Automation-LICENSE
51000090002,COST OF  DB IBM Workload Automation- BANK SVS CHARGE
51000091003,COST OF ENA Supply & Implementation of Antivirus- PER-DIME
51000092005,"COST OF CBE IS Security, IS Infrastructure & IBM- LICENSE"
51000092006,"COST OF CBE IS Security, IS Infrastructure & IBM- BANK CHARG"
51000092007,"COST OF CBE IS Security,IS Infrastructure & IBM- ADV.GUAR"
51000092008,"COST OF CBE IS Security,IS Infrastructure & IBM- PERF. GUART"
51000093004,COST OF MoF Network-FLIGHT (TRANSPORT)
51000093005,COST OF MoF Network-PERFORMANCE GUARANGEE
51000093010,COST OF MoF Network-MISS
51000094006,COST OF ERA CCTV Supply & Inst-INSURANCE
51000095006,COST OF CBE Enterprise Storage (SAN)- PERFOR.GURA
51000095007,COST OF CBE Enterprise Storage (SAN)- AP GURANTEE
51000095011,COST OF CBE Enterprise Storage (SAN)- INSURANCE
51000096001,COST OF ATA Infrastructure Expansion- LOCAL MATERIAL
51000096006,"COST OF ATA Infrastructure Expansion-PERFORMANCE GURA,"
61000001003,EMPLOYEE  BONUS OR INCENTIVE
61000004012,CAFE MATERIAL FOR REFRESHMENT
61000004018,FREIGHT FOR HQ(NEW OFFICE)
61000004019,"Transistor,Warehouse &customes Clearance FOR HQ(NEW OFFICE)"
61000005003,PARTNER SHIP FEE
61000011007,LABOUR/CRANE 03-A21140-Hyundai 10
61000019007,MISS-   RANGE ROVER B-35565
61000024009,ROAD FUND 3-A68673 ISUZU
12000002015,A/R S/R Dagmawit melaku(co)
61000015007,LABOUR/CRANE  02-B07970-Mercedes
51000094007,"COST OF ERA CCTV Supply & Inst- TRANSIT,SERVICE"
51000093006,COST OF MoF Network-INSURANCE
51000094001,COST OF ERA CCTV Supply & Inst-LOCAL MATERIAL
51000076002, COST OF MiNTUpgrading Wereda net Security Sys- PERDIEM
21000003047,A/P CBE Enterprise Storage (SAN)
41000002036,Service Income- CBE Enterprise Storage (SAN)
12000002010,A/R S/R  SAMUEL NEGASH
12000002090,A/R TILAHUN TEGIBELU
51000094008,COST OF ERA CCTV Supply & Inst- SUB-CONTRACTOR
51000082012,COST OF ERA and MoT Data Center- PER-DIME
12000002029,A/R S/R ABIY.T
51000077014, COST OF BIT- NETWORK MAT PURCHASE & IMPLE- LICENSE
12000002074,A/R S/R FIKRETE MEKONNEN
51000095010,COST OF CBE Enterprise Storage (SAN)- FORIGN MATERIAL
51000050001,COST OF IBM (FSI)
21000003049,A/P Ethswitch HSM
11000002042,Cash Bank- COOP CHELCHELI (1023500036323)
51000089011,COST OF AMU DC Infrastructure Upgrade-INSURANCE
21000003050,A/P CBE Upgrading Qradar SIEM
41000002038,Service Income- MoF-PPA Network
21000003051,A/P OFAG Microsoft Solutions and Infrastructure Support Rene
51000093001,COST OF MoF Network-Local Item
12000002087,A/R TASISA YEHUALASHET
12000001122,A/R ERA Supply & Installation of IP Surveillance Camera
41000002040,Service Income- ERA Supply & Installation of IP Surveillance
51000094009,"COST OF ERA CCTV Supply & Inst- Warehous,Transist"
51000089005,COST OF AMU DC Infrastructure Upgrade-Miss
51000062015,COST OF H&M WAREHOUSE & TRANSISTOR
51000089012,COST OF AMU DC Infrastructure Upgrade-FRIGHT
21000002079,A/P Meried
51000098003,COST OF-  CBE Upgrading Qradar SIEM- Foreign.M
21000003052,A/P CBE Datacenter Network/Hardware Optimization
11000002043,"Cash Bank- CBO RET ""A"" (1023500036331)"
51000089009,COST OF AMU DC Infrastructure Upgrade- Foreign Material
51000089010,COST OF AMU DC Infrastructure Upgrade-Bank Service Charge
11000002044,Cash Bank- UNITED BANK (4701811973228017)
51000082011,"COST OF ERA and MoT Data Center- Transit,Warehouse"
51000105005,COST OF- DB APC UPS Battery and power Module -BANK SERVICE
51000101006,COST OF-  Ethswitch HSM-PERFORMANCE.G
51000107004,COST OF-MoF-MoA HCI for AGMIS-P.GUARANTEE
51000106004,COST OF- MOTI (ECSA) Data Center Solution-P.GUARANTEE
51000077015, COST OF BIT- NETWORK MAT PURCHASE & IMPLE- PERFORMANCE.G
51000099005,COST OF-  BDU Data Center Facility-BANK SERVICE CHARGE
51000099002,COST OF-  BDU Data Center Facility-PERDIEM
51000099003,COST OF-  BDU Data Center Facility-LABOR
12000001126,A/R BDU DCF
12000001094,"A/R MOF SUPPLY, INST. AND COMMISSIONING OF DATACENTER"
12000001116,A/R AMU DC Infrastructure Upgrade
12000001100,"A/R BDU-Wireless access point supply installation,configurat"
41000026001,SALSE INCOEM- BDU DCF
12000001127,A/R CSA MICROSOFT
41000027001,SALSE INCOEM- CSA MICROSOFT
12000002035,A/R S/R MIKIYAS (LO)
16000052001,GIT- AMU DC
51000099009,COST OF-  BDU Data Center Facility- MISS
21000002272, A/P TESFAYE TESEMA AUDITORS
51000099001,COST OF-  BDU Data Center Facility-LOCAL MATERIAL
51000099004,COST OF-  BDU Data Center Facility-TRANSPORT
12000002053,A/R S/R  KIBER TENAW
16000053001,GIT-DASHEN BANK UPS
21000003055,A/P BDU Data Center Facility
21000003045,A/P AMU DC Infrastructure Upgrade
41000025001,SALSE INCOEM- CBE DC
12000001123,A/R CBE Upgrading Qradar SIEM
41000024001,SALSE INCOEM- CBE Upgrading Qradar SIEM
12000001064,A/R AAIT
51000104004,COST OF- CBE DC  Network/Hardware Opt. -LICENSE
12000001018,A/R T/R Ethswitch ERP (SAP)
51000102008,COST OF-  CSA Data Center Facility-MISSLANIOUS
51000098001,COST OF-  CBE Upgrading Qradar SIEM-PROFESSIONAL SERVICE
51000098004,COST OF-  CBE Upgrading Qradar SIEM- Bank Service Charge
12000001038,A/R SILCONETWORKS
12000001053,A/R  AUC
51000106006,COST OF- MOTI (ECSA) Data Center Solution-MISSLANIOUS
21000003057,A/P HCOHS Mini Data Center
12000002024,A/R S/R FATUMA (LO)
51000105007,COST OF- DB APC UPS Batery and power Module -ADV.PYT. GUARAN
51000110007,COST OF-HCOHS Mini Data Center-A.Guarantee
51000105006,COST OF- DB APC UPS Battery and power Module -PERFOR. GUARAN
51000110006,COST OF-HCOHS Mini Data Center-P.Guarantee
11000002046,Cash Bank- SIINQEE BANK (4713114)
51000103007,COST OF- CBE Tivoli PM and operation mgmt- ADV.PYT GUARANTEE
51000103006,COST OF- CBE Tivoli PM and operation mgmt- PERFORMANCE GUARA
51000104007,COST OF- CBE DC  Network/Hardware Opt. - ADV. PYT GUARANTE
51000104006,COST OF- CBE DC  Network/Hardware Opt. -PERFORMANCE GUARANTE
51000098007,COST OF-  CBE Upgrading Qradar SIEM- Advance payment gurante
51000098006,COST OF-  CBE Upgrading Qradar SIEM- Performance guarantee
51000111006,COST OF-CBE Power E1080 and Upgrade-P.Guarantee
51000111007,COST OF-CBE Power E1080 and Upgrade-A.Guarantee
51000099006,COST OF-  BDU Data Center Facility-Performance guar
51000101007,COST OF-  Ethswitch HSM-ADVANCE.G
51000102006,COST OF-  CSA Data Center Facility-Performance G
51000115008,COST OF- JU Supply of Network Switches and-FOREGN MATERIAL
51000115005,COST OF- JU Supply of Network Switches and-BANK SERVICE CHAR
51000111005,COST OF-CBE Power E1080 and Upgrade-Bank Service Charge
61000006024,BID BOND GUARANTEE
51000111008,COST OF-CBE Power E1080 and Upgrade-Foreign Material
51000109007,COST OF-ESS NOC and Switch -PERFORMANCE GUARANTEE
51000116006,COST OF- BOA WebEx license-Performance Guarantee
51000113006,COST OF-ECX Perimeter Firewall-PERFORMANCE GUARANTEE
11000002045,Cash Bank- AIB ENDERASE RETAINTION
16000051001, GIT-BDU DATA CENTER FACILITY
51000099011,COST OF-  BDU Data Center Facility- FOREIGN MATERIAL
11000001003,Petty Cash- MEHADER
41000004014,Marketing Event-MICROSOFT IRELAND
51000109003,COST OF- ESS NOC and Switch -LABOR
51000109001,COST OF-ESS NOC and Switch -LOCAL ITEMS
51000102007,COST OF-  CSA Data Center Facility-Freight
51000096007,COST OF ATA Infr. Expansion- CUSTOMES CLEAR. &TRANSITOR PYT
51000110002,COST OF-HCOHS Mini Data Center-PER-DIME
51000102003,COST OF-  CSA Data Center Facility-Labor
51000107006,COST OF-MoF-MoA HCI for AGMIS-MISS
12000001059,A/R ATA
51000106003,COST OF- MOTI (ECSA) Data Center Solution-LABOR
51000112009,COST OF-CBE Enterprise Flash Storage-MISS
51000109006,COST OF-ESS NOC and Switch -MISS
51000116007,COST OF- EPSA Microsoft office 360- LICENSE
12000001097,A/R YAWZER IMPORTER PLC
51000102001,COST OF-  CSA Data Center Facility-Local Material
12000002003,A/R S/R ZEKARIAS F.
51000104003,COST OF- CBE Datacenter Network/Hardware- LABOR
51000117005,COST OF- EIABC Data Center License Renewal - LICENSE/SOFTWAR
51000104009,COST OF- CBE DC  Network/Hardware Opt. -FRIGHT TAX
51000107003,COST OF-MoF-MoA HCI for AGMIS-LABOUR
51000112004,COST OF-CBE Enterprise Flash Storage- LICENSE
51000112005,COST OF-CBE Enterprise Flash Storage-Bank Service Charge
51000104010,COST OF- CBE DC  Network/Hardware Opt. -TRANSITOR & WAREHOUS
51000109008,COST OF- ESS NOC and Switch -ADVANCE GUARANTEE
51000109009,COST OF-ESS NOC and Switch -SUBCONTRACTOR
51000109011,COST OF-ESS NOC and Switch -INSURANCE
51000108003,COST OF-EPSS Networking Infra and Modular Data Center-LABOUR
51000108007,COST OF-EPSS Netg Infra & Modu- PERFORMANCE GUARANTEE
51000108008,COST OF-EPSS Networking Infra and Modula- ADVANCE GUARANTEE
22000001003,Loan From CBE
22000002001,Loan from -Personal loan
51000104008,COST OF- CBE DC  Network/Hardware Opt. - Foreign Material
51000104005,COST OF- CBE DC  Network/Hardware Opt. -BANK SERVICE CHARGE
51000057001,COST OF DELL BUSINESS CONTINUIT EVENT
51000114001,COST OF- IBM
12000002045,A/R MICHAEL K.
51000112010,COST OF-CBE Enterprise Flash Storage- FOREIGN MATERIAL
51000082013,COST OF ERA and MoT Data Center- SUPPORT
61000005009,SPONSOURSHIP
51000067017,COST OF DDU-MODULAR DCI- SUPPORT
12000002012,A/R S/R KIDIST BAYE
51000099012,COST OF-  BDU Data Center Facility- FREIGHT
12000002043,A/R TINSAE (SO)
21000003001,Account payable-Wello
12000001132,A/R   CBE Power E1080 and Upgrade E980 system I/O drawer
21000003056,A/P CBE POWER UPGRADE
41000031001,SALSE INCOEM-  CBE Power E1080 and Upgrade E980 system I/O d
51000112006,COST OF-CBE Enterprise Flash Storage-Performance Guarantee
51000110001,COST OF-HCOHS Mini Data Center-LOCAL MATERIAL
16000048001,GIT- CBE Datacenter Network/Hardware Optimization
51000106009,COST OF- MOTI (ECSA) Data Center Solution-SUB CONTRACT
51000106001,COST OF- MOTI (ECSA) Data Center Solution-LOCAL MATERIAL
51000110005,COST OF-HCOHS Mini Data Center-Bank Service Charge
51000115001,COST OF- JU Supply of Network Switches and- PERDIEM
51000115004,COST OF- JU Supply of Network Switches and-TRANSPORTATION
51000102002,COST OF-  CSA Data Center Facility-PERDIME
51000110009,COST OF-HCOHS Mini Data Center-FOREIGN MATERIAL
51000119008,COST OF- BOA Tape Library- FOREIGN MATERIAL
51000117009,COST OF- EIABC Data Center License Renewal- FOREIGN MATERIAL
51000113004,COST OF-ECX Perimeter Firewall-FOREIGN MATERIAL
51000105008,COST OF- DB APC UPS Battery and power Module -FOREIGN MATERI
51000101010,COST OF-  Ethswitch HSM- FORIGN MATERIAL
31000004001,CUSTOMS VALUE DIFFERENCE (DPV)
17000007001,Acc.Dep. Fixed Asset Machinary
41000001015,SALES INCOME JMU
41000001040,SALES INCOME ECX Perimeter Firewall
41000001052,SALES INCOME- MOR HCI
41000002023,Service Income  CSA Data Center Facility
41000002041,Service Income- EPSA Microsoft office 360
41000002042,Service Income- BOA Tape Library
41000004004,MDF ( TRIPL-LITE)
41000028001,SALSE INCOEM- BOA WEBEX LICENSE
41000029001,SALSE INCOEM- EIABC Data Center License Renewal
41000030001,SALSE INCOEM- Ethswitch HSM
41000032001,SALSE INCOEM-  CSA NETAPP
41000033001,SALSE INCOEM-  CBE Enterprise Flash Storage
41000034001,SALSE INCOEM- HCOHS Mini Data Center
41000035001,SALSE INCOEM- CBE Tivoli PM and operation management
41000036001,SALSE INCOEM- EPSS Networking Infra and Modular Data Center
51000030001,COST OF Zemen Bank Cisco System - License
51000046010,COST OF AAIT MISS.
51000052001,COST OF VMWARE
51000062012,COST OF H&M FREIGHT
51000075014, COST OF BDU-WIRELESS ACCESS POINT SUPPLY-Training
51000075015, COST OF BDU-WIRELESS ACS PONT SUP.-Warehouse and Transitor
51000089013,COST OF AMU DC Infrastructure Upgrade-Transistor & Warehouse
51000093007,COST OF MoF Network-SUB-CONTRACT
51000098008,COST OF-  CBE Upgrading Qradar SIEM- MISSLANIOUS
51000099007,COST OF-  BDU Data Center Facility- Advance pyt guarantee
51000099008,COST OF-  BDU Data Center Facility- INSURANCE
51000099010,COST OF-  BDU Data Center Facility- SUB-CON
51000101003,COST OF-  Ethswitch HSM- LABOR
51000101005,COST OF-  Ethswitch HSM- BANK SVS CHARGE
51000101011,COST OF-  Ethswitch HSM- MISS
51000101012,COST OF-  Ethswitch HSM- TRANSITOR &WAREHOUSE
51000101014,COST OF-  Ethswitch HSM- TRAINING
51000102005,COST OF-  CSA Data Center Facility-APG
51000102009,COST OF-  CSA Data Center Facility-INSURANCE
51000102010,COST OF-  CSA Data Center Facility-TRANSPORTATION
51000103004,COST OF- CBE Tivoli PM and operation mgmt- BANK SVS CHARGE
51000103005,COST OF- CBE Tivoli PM and operation mgmt- LICENSE & SUPPORT
51000104011,COST OF- CBE DC  Network/Hardware Opt. -INSURANCE
51000105003,COST OF- DB APC UPS Battery and power Module -LABOR
51000105004,COST OF- DB APC UPS Battery and power Module -FREIGHT
51000105009,COST OF- DB APC UPS Battery and power Module -MISS
51000106007,COST OF- MOTI (ECSA) Data Center Solution-TRAINING
51000106008,COST OF- MOTI (ECSA) Data Center Solution-TRANSPORTATION
51000106011,COST OF- MOTI (ECSA) Data Center Solution-INSURANCE
51000108004,COST OF-EPSS Networking Infra and Modular DC- FUEL/TRANSPORT
51000110003,COST OF-HCOHS Mini Data Center- LABOR
51000110004,COST OF-HCOHS Mini Data Center-TRANSPORTATION
51000110008,COST OF-HCOHS Mini Data Center-MISS
51000110010,COST OF-HCOHS Mini Data Center-Fright
51000110011,COST OF-HCOHS Mini Data Center- TRAINING
51000110012,"COST OF-HCOHS Mini Data Center- TRANSITOR, WAREHOUSE"
51000111002,COST OF-CBE Power E1080 and Upgrade-TRANSPORTATION
51000111003,COST OF-CBE Power E1080 and Upgrade-LABOR
51000111004,COST OF-CBE Power E1080 and Upgrade-LICENSE
51000111009,COST OF-CBE Power E1080 and Upgrade-MISS
51000111010,"COST OF-CBE Power E1080 and Upgrade-TRANSITOR,WAREHOUSE,CUST"
51000111011,COST OF-CBE Power E1080 and Upgrade-INSURANCE
51000111012,COST OF-CBE Power E1080 and Upgrade-FREIGHT
51000111013,COST OF-CBE Power E1080 and Upgrade- Foreign material/licen
51000112003,COST OF-CBE Enterprise Flash Storage-LABOR
51000112007,COST OF-CBE Enterprise Flash Storage-Advance Guarantee
51000112011,COST OF-CBE Enterprise Flash Storage-INSURANCE
51000112012,COST OF-CBE Enterprise Flash Storage-WAREHOUSE & TRANSITOR
51000115002,COST OF- JU Supply of Network Switches and-PBG
51000115003,COST OF- JU Supply of Network Switches and- LABOR
51000115006,COST OF- JU Supply of Network Switches- WAREHOUSE &TRANSIT
51000115007,COST OF- JU Supply of Network Switches and- FRIGHT
51000116001,COST OF- BOA WebEx license-License
51000117003,COST OF- EIABC Data Center License Renewal- LABOR
51000117004,COST OF- EIABC Data Center License Renewal - BANK SVS CHARGE
51000117006,COST OF- EIABC Data Center License Renewal PERFORMANCE GUARA
51000117007,COST OF- EIABC Data Center License Renewal- ADVANCE GUARANTE
51000117008,COST OF- EIABC Data Center License Renewal - FRIGHT
51000117010,"COST OF- EIABC DC- WAREHOUSE,TRANSIT AND CLEARANCE FEE"
51000117011,COST OF- EIABC DC- MISSLANEOUS
51000118006,COST OF- MinT (ECA): Data Center- PERFORMANCE G.
51000119006,COST OF- BOA Tape Library- PERFORMANCE GURANTEE
51000119007,COST OF- BOA Tape Library- ADVANCE GURANTEE
61000004006,POSTAL SERVICE CHARGE
61000004017,INSURANCE FOR HQ(NEW OFFICE)
61000016004,car clean and washing   02-62872
61000017007,LABOUR/CRANE  3-A21783
61000019008,MISS-   RANGE ROVER B-35565 FOREIGN MATERIAL
61000021007,LABOUR/CRANE  3-A68062
21000002019,Account payable-Mekonnen General metal work
51000109005,COST OF- ESS NOC and Switch -TRANSITOR PAYMENT
21000002003,Account payable-Staples trading
12000002038,A/R S/R KIRUBEL SO
51000106010,COST OF- MOTI (ECSA) Data Center Solution- FOREIGN MATERIAL
51000106005,COST OF- MOTI (ECSA) Data Center Solution-BANK SERVICE CHARG
51000118009,COST OF- MinT (ECA): Data Center- Foreign Material
51000118005,COST OF- MinT (ECA): Data Center- BANK SERVICE CHARGE
12000002049,A/R S/R  GEDION W/YOHANES
51000118001,COST OF- MinT (ECA): Data Center- LOCAL MATERIAL
41000002018,Service Income MINT ECA
11000002049,Cash Bank- CBE AWRARIS (1000565811847)
12000001087,A/R MINT SMARTROOM
51000109002,COST OF-ESS NOC and Switch - PERDIEM
51000108001,COST OF-EPSS Netrkg Infra & Modular DC- LOCAL MATERIAL
51000120003,COST OF- Dar Al Handasa Office Lighting Equip- LABOR
12000001061,Dar Al Handasa Office Lighting Equipment
21000003028,A/P DAR AL HANASAH CONSULTANCY
41000001025,Sales Income Dar Al Handasa Office Lighting Equipment
12000001049,A/R MOF (OFAG) Audio Video
51000108002,COST OF-EPSS Netrkg Infra & Modular DC- PERDIEM
51000118002,COST OF- MinT (ECA): Data Center- PERDIEM
51000108006,COST OF-EPSS Networking Infra& Modula- TRAINING
12000002092,A/R AMANUAL TESHOME
11000002048,Cash Bank- AHADU BANK (0002248120301)
12000002039,A/R S/R YOHANNES LO
51000120010,COST OF- Dar Al Handasa Office Lighting Equip- FOREIGN MATER
12000002004,A/R S/R BIRUK PM
41000001053,SALES INCOME- HIBRET BANK SDN
51000122009,COST OF HIBRET BANK SDN-FORAGN MATERIAL
51000122005,COST OF HIBRET BANK SDN-BANK SERVICE CHARGE
21000003063,A/P COOP Network Infrastructure
41000002045,Service Income- BUNNA BANK cisco webex
16000054002,Construction on progres- ICT PARK
51000108010,COST OF-EPSS Networking Infra& Modula- SUB-CONTRACTOR
51000123005,MOR HCI- BANK SERVICE CHARGE
12000001134,A/R  CBE Enterprise Flash Storage
12000002091,A/R ADDISU DENBOBA
51000123008,MOR HCI- ADVANCE PYT GUARANTEE
51000122007,"Hibret Bank SDN- ADV, Guarantee"
51000123007,MOR HCI- PERFORMANCE GUARANTEE
11000002024,Cash-Bank-ZB kirkos 1032210028762025
12000002095,A/R SAMUEL HR
12000002096,A/R TINSAE MARKETING
21000003038,A/P Hibret Bank SDN
12000001137,A/R  HIBRET BANK
12000002050,A/R S/R   SAMUEL
51000123009,MOR HCI- FOREIGN MATERIAL
51000121003,COST OF- OFAG FORTISIEM Solution-PERDIEM
51000108012,COST OF-EPSS Networking Infra& Modula- FOREIGN MATERIAL
51000122003,COST OF HIBRET BANK SDN- LABOUR
51000124008,Cost Of COOP Network InfrT - Warheouse/transitor& misslaneou
12000002009,A/R S/R HANA (SI)
12000001139,A/R  MOR HCI
